{
	"block.iron_door.close": {
		"replace": "true",
		"sounds": [
			"block/wooden_door/close"
		],
		"subtitle": "subtitles.block.door.toggle"
	},
	"block.iron_door.open": {
		"replace": "true",
		"sounds": [
			"block/wooden_door/open"
		],
		"subtitle": "subtitles.block.door.toggle"
	},
	"block.iron_trapdoor.close": {
		"replace": "true",
		"sounds": [
			"block/wooden_door/close"
		],
		"subtitle": "subtitles.block.iron_trapdoor.close"
	},
	"block.iron_trapdoor.open": {
		"replace": "true",
		"sounds": [
			"block/wooden_door/open"
		],
		"subtitle": "subtitles.block.iron_trapdoor.open"
	},
	"block.wooden_door.close": {
		"replace": "true",
		"sounds": [
			"block/wooden_door/close"
		],
		"subtitle": "subtitles.block.door.toggle"
	},
	"block.wooden_door.open": {
		"replace": "true",
		"sounds": [
			"block/wooden_door/open"
		],
		"subtitle": "subtitles.block.door.toggle"
	},
	"block.wooden_trapdoor.open": {
		"replace": "true",
		"sounds": [
			"block/wooden_door/open"
		],
		"subtitle": "subtitles.block.trapdoor.toggle"
	},
	"block.wooden_trapdoor.close": {
		"replace": "true",
		"sounds": [
			"block/wooden_door/close"
		],
		"subtitle": "subtitles.block.trapdoor.toggle"
	},
	"block.fence_gate.open": {
		"replace": "true",
		"sounds": [
			"block/wooden_door/open"
		],
		"subtitle": "subtitles.block.fence_gate.toggle"
	},
	"block.fence_gate.close": {
		"replace": "true",
		"sounds": [
			"block/wooden_door/close"
		],
		"subtitle": "subtitles.block.fence_gate.toggle"
	},
	"block.cherry_wood_door.open": {
		"replace": "true",
		"sounds": [
			"block/wooden_door/open"
		],
		"subtitle": "subtitles.block.trapdoor.toggle"
	},
	"block.cherry_wood_door.close": {
		"replace": "true",
		"sounds": [
			"block/wooden_door/close"
		],
		"subtitle": "subtitles.block.trapdoor.toggle"
	},
	"block.cherry_wood_trapdoor.open": {
		"replace": "true",
		"sounds": [
			"block/wooden_door/open"
		],
		"subtitle": "subtitles.block.trapdoor.toggle"
	},
	"block.cherry_wood_trapdoor.close": {
		"replace": "true",
		"sounds": [
			"block/wooden_door/close"
		],
		"subtitle": "subtitles.block.trapdoor.toggle"
	},
		"block.nether_wood_door.open": {
			"replace": "true",
			"sounds": [
				"block/wooden_door/open"
			],
			"subtitle": "subtitles.block.trapdoor.toggle"
		},
		"block.nether_wood_door.close": {
			"replace": "true",
			"sounds": [
				"block/wooden_door/close"
			],
			"subtitle": "subtitles.block.trapdoor.toggle"
		},
		"block.nether_wood_trapdoor.open": {
			"replace": "true",
			"sounds": [
				"block/wooden_door/open"
			],
			"subtitle": "subtitles.block.trapdoor.toggle"
		},
		"block.nether_wood_trapdoor.close": {
			"replace": "true",
			"sounds": [
				"block/wooden_door/close"
			],
			"subtitle": "subtitles.block.trapdoor.toggle"
		},
		"block.nether_wood_fence_gate.open": {
			"replace": "true",
			"sounds": [
				"block/wooden_door/open"
			],
			"subtitle": "subtitles.block.fence_gate.toggle"
		},
		"block.nether_wood_fence_gate.close": {
			"replace": "true",
			"sounds": [
				"block/wooden_door/close"
			],
			"subtitle": "subtitles.block.fence_gate.toggle"
		}
	}
}